# R2 calibration run — HTTP + Postgres SELECT FOR UPDATE, two regimes
# date: 2026-08-11
# host: macOS-26.5.2-arm64-arm-64bit, arm64, Python 3.10.11
# harness: tools/calibrate_r2.py (full: 20 reps, 2.0s per level), server: tools/r2_server.py
# engine: PostgreSQL 17.10 (Homebrew, throwaway local instance, max_connections=450), psycopg 3
# STEADY regime excludes each worker's first post-T0 request;
# CONVOY regime is exactly those first requests (synchronized start).
# sharded8 mode: same offered concurrency spread over 8 rows, not 1.
concurrency,rep,mode,steady_thr_ops_s,steady_n,steady_p50_ms,steady_p95_ms,steady_p99_ms,convoy_p50_ms,convoy_p95_ms,convoy_p99_ms,convoy_max_ms,errors
1,0,hot,3382.0,6764,0.256,0.479,0.764,2.455,2.455,2.455,2.455,0
1,1,hot,3534.0,7068,0.254,0.447,0.529,1.658,1.658,1.658,1.658,0
1,2,hot,3340.5,6681,0.262,0.480,0.586,1.311,1.311,1.311,1.311,0
1,3,hot,3475.5,6951,0.255,0.461,0.550,2.144,2.144,2.144,2.144,0
1,4,hot,3362.5,6725,0.257,0.483,0.795,1.924,1.924,1.924,1.924,0
1,5,hot,3520.0,7040,0.254,0.450,0.526,1.223,1.223,1.223,1.223,0
1,6,hot,3444.0,6888,0.258,0.461,0.534,1.201,1.201,1.201,1.201,0
1,7,hot,3378.5,6757,0.264,0.468,0.553,1.174,1.174,1.174,1.174,0
1,8,hot,3502.0,7004,0.254,0.451,0.528,1.467,1.467,1.467,1.467,0
1,9,hot,3429.5,6859,0.253,0.473,0.695,1.121,1.121,1.121,1.121,0
1,10,hot,3498.5,6997,0.255,0.454,0.529,1.681,1.681,1.681,1.681,0
1,11,hot,3504.5,7009,0.254,0.453,0.532,2.061,2.061,2.061,2.061,0
1,12,hot,3525.5,7051,0.252,0.451,0.524,1.705,1.705,1.705,1.705,0
1,13,hot,3511.5,7023,0.254,0.455,0.533,1.761,1.761,1.761,1.761,0
1,14,hot,3507.0,7014,0.254,0.458,0.533,2.074,2.074,2.074,2.074,0
1,15,hot,3401.5,6803,0.256,0.463,0.747,1.322,1.322,1.322,1.322,0
1,16,hot,3267.0,6534,0.260,0.499,0.830,1.884,1.884,1.884,1.884,0
1,17,hot,3357.0,6714,0.266,0.473,0.543,1.756,1.756,1.756,1.756,0
1,18,hot,3313.5,6627,0.269,0.480,0.579,2.090,2.090,2.090,2.090,0
1,19,hot,3412.0,6824,0.264,0.461,0.534,1.808,1.808,1.808,1.808,0
2,0,hot,4812.0,9624,0.392,0.596,0.711,2.424,2.424,2.424,2.424,0
2,1,hot,4859.5,9719,0.389,0.590,0.682,2.475,2.475,2.475,2.475,0
2,2,hot,4893.5,9787,0.386,0.582,0.665,2.628,2.628,2.628,2.628,0
2,3,hot,4788.5,9577,0.391,0.609,0.707,2.393,2.393,2.393,2.393,0
2,4,hot,4882.0,9764,0.387,0.583,0.669,2.292,2.292,2.292,2.292,0
2,5,hot,5003.5,10007,0.371,0.586,0.690,2.633,2.633,2.633,2.633,0
2,6,hot,4870.0,9740,0.386,0.586,0.693,2.624,2.624,2.624,2.624,0
2,7,hot,4884.0,9768,0.385,0.589,0.677,2.555,2.555,2.555,2.555,0
2,8,hot,4674.0,9348,0.397,0.608,0.975,3.948,3.948,3.948,3.948,0
2,9,hot,4744.0,9488,0.400,0.596,0.694,2.382,2.382,2.382,2.382,0
2,10,hot,4864.0,9728,0.388,0.588,0.675,2.319,2.319,2.319,2.319,0
2,11,hot,4829.0,9658,0.391,0.591,0.686,2.980,2.980,2.980,2.980,0
2,12,hot,4870.5,9741,0.387,0.587,0.685,2.166,2.166,2.166,2.166,0
2,13,hot,4878.0,9756,0.387,0.586,0.676,2.941,2.941,2.941,2.941,0
2,14,hot,4866.5,9733,0.389,0.584,0.671,2.573,2.573,2.573,2.573,0
2,15,hot,4894.0,9788,0.385,0.581,0.670,2.487,2.487,2.487,2.487,0
2,16,hot,4829.5,9659,0.391,0.591,0.683,2.308,2.308,2.308,2.308,0
2,17,hot,4844.0,9688,0.390,0.593,0.688,2.073,2.073,2.073,2.073,0
2,18,hot,4798.0,9596,0.389,0.604,0.729,2.541,2.541,2.541,2.541,0
2,19,hot,4889.5,9779,0.389,0.575,0.656,1.766,1.766,1.766,1.766,0
4,0,hot,4499.5,8999,0.861,1.253,1.489,3.092,3.445,3.445,3.445,0
4,1,hot,4476.5,8953,0.861,1.267,1.517,3.271,3.725,3.725,3.725,0
4,2,hot,4479.0,8958,0.863,1.265,1.538,3.165,4.275,4.275,4.275,0
4,3,hot,4451.5,8903,0.869,1.269,1.510,3.716,4.141,4.141,4.141,0
4,4,hot,4410.0,8820,0.872,1.296,1.585,3.459,4.118,4.118,4.118,0
4,5,hot,4365.0,8730,0.877,1.333,1.633,3.549,4.016,4.016,4.016,0
4,6,hot,4557.5,9115,0.847,1.249,1.485,3.952,4.350,4.350,4.350,0
4,7,hot,4466.5,8933,0.868,1.271,1.509,2.907,3.253,3.253,3.253,0
4,8,hot,4473.5,8947,0.864,1.267,1.509,3.025,3.382,3.382,3.382,0
4,9,hot,4418.0,8836,0.877,1.299,1.554,2.606,3.072,3.072,3.072,0
4,10,hot,4432.0,8864,0.873,1.303,1.573,3.067,4.327,4.327,4.327,0
4,11,hot,4462.5,8925,0.867,1.273,1.523,3.081,3.421,3.421,3.421,0
4,12,hot,4442.5,8885,0.869,1.273,1.546,3.329,3.714,3.714,3.714,0
4,13,hot,4614.5,9229,0.831,1.246,1.495,2.921,3.604,3.604,3.604,0
4,14,hot,4602.0,9204,0.832,1.266,1.524,3.035,3.440,3.440,3.440,0
4,15,hot,4463.5,8927,0.833,1.314,2.291,2.875,3.612,3.612,3.612,0
4,16,hot,4519.5,9039,0.858,1.228,1.477,2.256,2.692,2.692,2.692,0
4,17,hot,4553.0,9106,0.840,1.270,1.516,3.052,3.396,3.396,3.396,0
4,18,hot,4460.0,8920,0.872,1.277,1.528,3.269,3.679,3.679,3.679,0
4,19,hot,4524.5,9049,0.849,1.274,1.528,3.291,3.517,3.517,3.517,0
8,0,hot,4190.0,8380,1.218,5.429,7.923,5.055,6.306,6.306,6.306,0
8,1,hot,4292.5,8585,1.190,5.393,7.742,3.510,4.450,4.450,4.450,0
8,2,hot,4210.0,8420,1.214,5.460,7.931,4.120,5.318,5.318,5.318,0
8,3,hot,4191.5,8383,1.207,5.581,8.375,4.938,5.759,5.759,5.759,0
8,4,hot,4183.0,8366,1.222,5.363,8.114,5.261,10.427,10.427,10.427,0
8,5,hot,4186.5,8373,1.216,5.421,7.954,4.775,6.441,6.441,6.441,0
8,6,hot,4273.0,8546,1.194,5.424,7.974,3.951,5.626,5.626,5.626,0
8,7,hot,4203.0,8406,1.222,5.447,7.905,5.678,11.562,11.562,11.562,0
8,8,hot,4187.0,8374,1.215,5.486,7.769,4.898,6.951,6.951,6.951,0
8,9,hot,4182.0,8364,1.220,5.461,7.970,4.373,6.494,6.494,6.494,0
8,10,hot,4154.5,8309,1.216,5.575,8.174,4.338,5.349,5.349,5.349,0
8,11,hot,4178.5,8357,1.225,5.445,7.755,4.522,7.966,7.966,7.966,0
8,12,hot,4192.5,8385,1.227,5.401,7.743,4.082,6.951,6.951,6.951,0
8,13,hot,4195.0,8390,1.221,5.436,7.887,4.285,5.601,5.601,5.601,0
8,14,hot,4050.0,8100,1.242,5.605,8.495,4.854,6.972,6.972,6.972,0
8,15,hot,4163.0,8326,1.220,5.543,7.993,5.118,7.132,7.132,7.132,0
8,16,hot,4187.0,8374,1.224,5.442,7.929,5.357,8.762,8.762,8.762,0
8,17,hot,4191.0,8382,1.201,5.500,8.011,6.399,8.832,8.832,8.832,0
8,18,hot,4187.0,8374,1.216,5.497,7.947,4.535,7.477,7.477,7.477,0
8,19,hot,4180.0,8360,1.221,5.441,8.161,5.191,6.348,6.348,6.348,0
16,0,hot,3901.0,7802,1.402,18.611,35.605,8.036,18.680,18.680,18.680,0
16,1,hot,3908.5,7817,1.349,18.915,34.015,7.838,14.616,14.616,14.616,0
16,2,hot,3970.0,7940,1.345,17.757,33.355,8.139,20.175,20.175,20.175,0
16,3,hot,3940.5,7881,1.325,18.719,36.670,13.090,21.656,21.656,21.656,0
16,4,hot,3972.0,7944,1.354,18.151,34.567,7.407,19.690,19.690,19.690,0
16,5,hot,3973.5,7947,1.355,18.358,33.673,9.401,25.394,25.394,25.394,0
16,6,hot,3979.0,7958,1.331,18.193,33.167,8.026,20.187,20.187,20.187,0
16,7,hot,3968.0,7936,1.334,18.318,34.278,10.793,21.529,21.529,21.529,0
16,8,hot,3959.0,7918,1.344,18.251,35.341,7.474,34.640,34.640,34.640,0
16,9,hot,3977.0,7954,1.340,18.272,34.090,8.705,16.225,16.225,16.225,0
16,10,hot,3962.5,7925,1.355,18.796,34.482,8.546,15.312,15.312,15.312,0
16,11,hot,3989.5,7979,1.325,17.986,34.506,7.569,16.545,16.545,16.545,0
16,12,hot,3962.5,7925,1.344,18.698,32.556,10.584,19.192,19.192,19.192,0
16,13,hot,3970.5,7941,1.339,18.596,32.858,7.686,14.364,14.364,14.364,0
16,14,hot,3968.0,7936,1.345,17.705,34.507,7.543,13.956,13.956,13.956,0
16,15,hot,3951.0,7902,1.343,18.341,34.298,9.717,28.169,28.169,28.169,0
16,16,hot,3979.5,7959,1.344,18.175,32.235,7.187,13.399,13.399,13.399,0
16,17,hot,3972.5,7945,1.344,18.040,34.094,8.006,14.378,14.378,14.378,0
16,18,hot,3970.5,7941,1.344,18.582,35.126,8.211,13.213,13.213,13.213,0
16,19,hot,3973.5,7947,1.355,18.147,34.659,7.085,16.856,16.856,16.856,0
32,0,hot,3363.0,6726,6.271,29.143,45.470,13.272,33.876,51.346,51.346,0
32,1,hot,3435.0,6870,6.140,28.333,45.499,14.205,29.434,47.402,47.402,0
32,2,hot,3331.5,6663,6.280,30.301,47.378,15.587,33.281,34.957,34.957,0
32,3,hot,3462.5,6925,6.100,28.276,43.825,15.110,33.817,35.963,35.963,0
32,4,hot,3402.0,6804,6.075,29.591,45.121,14.135,32.578,43.494,43.494,0
32,5,hot,3393.5,6787,6.082,28.571,44.919,15.308,46.453,50.348,50.348,0
32,6,hot,3302.0,6604,6.200,29.863,46.387,15.997,44.044,85.592,85.592,0
32,7,hot,3359.0,6718,6.380,28.874,44.339,14.836,40.178,44.505,44.505,0
32,8,hot,3322.0,6644,6.297,30.576,47.203,14.729,57.692,60.780,60.780,0
32,9,hot,3358.5,6717,6.328,28.970,45.218,13.486,38.134,103.918,103.918,0
32,10,hot,3323.0,6646,6.462,29.054,44.428,13.292,31.865,40.440,40.440,0
32,11,hot,3308.0,6616,6.226,29.712,45.788,14.647,43.514,54.308,54.308,0
32,12,hot,3325.5,6651,6.372,29.259,46.616,14.340,53.765,73.898,73.898,0
32,13,hot,3413.0,6826,6.139,29.380,44.060,13.926,29.284,50.720,50.720,0
32,14,hot,3466.0,6932,5.994,28.356,43.145,14.848,44.303,47.079,47.079,0
32,15,hot,3434.5,6869,6.154,28.501,44.292,15.872,53.402,58.836,58.836,0
32,16,hot,3440.0,6880,6.029,28.221,45.425,12.890,45.117,51.767,51.767,0
32,17,hot,3466.0,6932,6.145,28.880,44.389,13.986,27.207,31.676,31.676,0
32,18,hot,3460.0,6920,6.056,28.676,46.007,13.569,59.875,70.857,70.857,0
32,19,hot,3345.5,6691,6.241,29.652,45.926,15.084,39.847,51.815,51.815,0
64,0,hot,2475.0,4950,17.827,77.104,121.713,26.739,84.879,101.891,101.891,0
64,1,hot,2471.5,4943,17.521,77.576,121.614,27.624,68.874,124.004,124.004,0
64,2,hot,2471.0,4942,17.161,79.657,122.029,30.634,89.402,181.270,181.270,0
64,3,hot,2497.0,4994,17.417,76.898,116.385,28.930,103.157,154.507,154.507,0
64,4,hot,2501.5,5003,17.260,77.225,115.711,26.796,60.604,78.868,78.868,0
64,5,hot,2607.0,5214,16.577,74.767,115.698,29.236,89.303,121.761,121.761,0
64,6,hot,2572.5,5145,17.034,74.942,117.268,25.217,80.762,90.113,90.113,0
64,7,hot,2455.0,4910,17.925,77.560,121.203,27.040,94.482,138.005,138.005,0
64,8,hot,2475.5,4951,17.593,76.865,117.847,28.833,91.700,122.279,122.279,0
64,9,hot,2495.0,4990,17.527,78.093,119.617,33.628,86.855,145.666,145.666,0
64,10,hot,2506.0,5012,17.279,77.829,114.205,31.479,72.997,163.124,163.124,0
64,11,hot,2599.0,5198,16.956,74.103,113.258,27.566,97.430,113.472,113.472,0
64,12,hot,2586.0,5172,16.301,76.344,118.118,27.312,95.849,110.877,110.877,0
64,13,hot,2624.0,5248,16.239,74.655,112.747,30.388,76.518,113.325,113.325,0
64,14,hot,2506.0,5012,17.223,78.990,124.837,33.177,79.953,114.839,114.839,0
64,15,hot,2423.5,4847,17.954,79.590,125.686,31.343,84.049,145.165,145.165,0
64,16,hot,2482.0,4964,17.634,78.971,122.380,30.093,83.359,91.985,91.985,0
64,17,hot,2572.5,5145,16.711,74.614,116.758,25.298,69.597,165.904,165.904,0
64,18,hot,2532.0,5064,17.017,74.780,118.395,28.866,67.846,139.547,139.547,0
64,19,hot,2657.5,5315,16.172,72.503,112.240,30.337,79.792,128.738,128.738,0
128,0,hot,1956.0,3912,44.214,198.101,293.745,65.499,189.659,295.726,382.088,0
128,1,hot,1911.5,3823,44.397,190.280,286.823,71.707,215.438,324.799,360.937,0
128,2,hot,1953.0,3906,44.770,185.768,287.516,68.310,199.955,302.085,382.669,0
128,3,hot,1954.5,3909,44.761,189.022,296.274,61.174,187.986,270.946,341.293,0
128,4,hot,2034.0,4068,43.772,178.352,269.282,69.690,205.650,316.666,449.477,0
128,5,hot,2066.5,4133,43.460,177.658,269.083,59.465,171.345,258.815,266.628,0
128,6,hot,2059.5,4119,42.902,175.522,266.638,67.738,166.982,334.871,380.347,0
128,7,hot,2067.5,4135,42.907,176.852,278.843,68.156,182.409,250.535,282.599,0
128,8,hot,2056.5,4113,42.764,181.301,274.484,60.107,192.193,218.405,320.891,0
128,9,hot,2098.0,4196,41.103,175.389,279.304,62.669,211.320,305.889,343.268,0
128,10,hot,2092.5,4185,41.341,174.003,271.559,62.543,199.416,261.399,329.467,0
128,11,hot,2116.5,4233,41.218,176.128,276.101,62.731,192.402,310.995,328.232,0
128,12,hot,2131.0,4262,40.370,176.324,275.587,57.505,215.067,312.259,341.430,0
128,13,hot,2141.0,4282,41.407,172.306,262.454,58.991,202.124,319.054,333.733,0
128,14,hot,2121.0,4242,41.150,173.619,263.391,65.549,198.892,249.137,271.991,0
128,15,hot,2108.0,4216,41.584,180.923,263.231,58.935,168.140,244.389,250.615,0
128,16,hot,2164.5,4329,40.662,170.184,257.802,58.798,207.984,328.486,334.236,0
128,17,hot,2089.0,4178,41.470,180.060,280.160,61.108,192.673,281.040,293.359,0
128,18,hot,2116.0,4232,41.177,177.969,274.667,68.012,210.231,332.276,404.207,0
128,19,hot,2120.0,4240,40.403,181.159,269.932,64.817,195.205,272.900,354.585,0
256,0,hot,1482.5,2965,117.937,467.556,710.435,141.474,524.981,765.999,845.177,0
256,1,hot,1513.5,3027,114.088,475.684,690.904,146.145,453.916,660.528,756.462,0
256,2,hot,1506.0,3012,116.291,469.430,653.719,147.289,549.864,997.899,1180.145,0
256,3,hot,1544.0,3088,114.191,447.493,614.221,144.991,535.130,768.906,1059.516,0
256,4,hot,1547.0,3094,110.033,449.305,671.593,152.201,597.098,789.900,1166.228,0
256,5,hot,1572.5,3145,108.032,439.292,659.779,157.368,562.947,717.745,1231.942,0
256,6,hot,1536.0,3072,110.401,453.854,702.136,144.639,510.691,661.168,790.852,0
256,7,hot,1514.5,3029,109.364,464.977,775.874,155.391,510.433,634.717,830.744,0
256,8,hot,1534.0,3068,112.184,466.746,686.850,151.291,533.816,787.773,870.221,0
256,9,hot,1521.0,3042,112.668,462.367,696.438,155.050,527.296,981.036,1376.433,0
256,10,hot,1567.0,3134,111.302,443.792,670.972,158.303,539.540,718.482,840.473,0
256,11,hot,1544.5,3089,111.520,451.223,700.335,159.639,492.834,837.096,1486.078,0
256,12,hot,1535.0,3070,112.835,459.523,714.003,153.619,569.117,842.712,1249.117,0
256,13,hot,1545.5,3091,110.615,450.091,660.128,156.868,509.800,696.286,945.601,0
256,14,hot,1529.5,3059,113.733,453.954,712.144,152.535,484.714,797.425,929.112,0
256,15,hot,1536.5,3073,112.602,447.686,727.757,155.160,532.164,789.707,867.042,0
256,16,hot,1556.5,3113,113.478,436.588,699.936,150.848,521.787,724.548,852.737,0
256,17,hot,1537.0,3074,113.190,457.164,671.736,158.806,480.422,561.958,1198.271,0
256,18,hot,1552.0,3104,112.894,464.441,685.205,147.035,503.054,714.178,768.939,0
256,19,hot,1559.5,3119,112.003,454.127,662.753,157.559,580.426,764.286,1098.186,0
64,0,sharded8,2539.0,5078,23.042,47.308,58.688,24.722,48.015,56.543,56.543,0
64,1,sharded8,2533.5,5067,23.391,47.537,58.610,26.478,53.833,77.312,77.312,0
64,2,sharded8,2547.5,5095,23.493,46.872,60.530,26.717,53.294,67.461,67.461,0
